id,title,vendor,issued,year_measured,data_source,sensor,method,denominator,canopy_pct,canopy_acres,accuracy_stated,local_pdf,url,notes
1,Urban Tree Canopy Assessment,Davey Resource Group,2018-03-08,2005,Google Earth historical image,RGB screen image,i-Tree Canopy 1000-point visual sample,total area,32.3,,no,2018_davey_urban-tree-canopy-assessment.pdf,https://cdnsm5-hosted.civiclive.com/UserFiles/Servers/Server_16494932/File/Government/Departments/Development%20Services/Planning%20Division/Urban%20Forest%20Mgmt%20Plan/Edmonds-UTC-Assessment---FINAL-no-watermark-20180308.pdf,Davey states not as accurate as UTC mapping; UFMP elsewhere mislabels year as 2004
2,Urban Tree Canopy Assessment,Davey Resource Group,2018-03-08,2015,USDA Farm Service Agency aerial flown 2015-08-07,color infrared leaf-on,OBIA semi-automated extraction Feature Analyst/ArcGIS + manual QAQC at 1:1500,total area incl 402 ac water (6095),30.3,1844,yes - producer's accuracy 89.87% kappa confusion matrix,2018_davey_urban-tree-canopy-assessment.pdf,https://cdnsm5-hosted.civiclive.com/UserFiles/Servers/Server_16494932/File/Government/Departments/Development%20Services/Planning%20Division/Urban%20Forest%20Mgmt%20Plan/Edmonds-UTC-Assessment---FINAL-no-watermark-20180308.pdf,Only Edmonds canopy report with full documented accuracy assessment
3,Urban Forest Management Plan,Davey Resource Group with Nature Insight Consulting,2019-07,2015 (inherited),none - carries UTC forward,n/a,none of its own,total area,30.3,,inherits,2019_davey_urban-forest-management-plan.pdf,https://cdnsm5-hosted.civiclive.com/UserFiles/Servers/Server_16494932/File/Government/Departments/Development%20Services/Planning%20Division/Tree%20Code%20Updates/EdmondsWA_UFMP_2019_MidResolution.pdf,20-year plan to 2038; Goal 1B no net loss; contains no 35% target and no 2036 date
4,Tree Canopy Assessment 2015-2020,SavATree Consulting Group + University of Vermont Spatial Analysis Laboratory,2022-02-22,2015,2015 imagery + 2017 LiDAR,imagery + LiDAR height,automated feature extraction + manual review with LiDAR height,land area excludes water,34.3,,none stated in document,2022_savatree-uvm_tree-canopy-assessment-2015-2020.pdf,https://cdnsm5-hosted.civiclive.com/UserFiles/Servers/Server_16494932/File/Government/Departments/Planning%20and%20Development/Planning%20Division/Code%20Updates/Tree%20Code%20Updates/Edmonds-Tree-Canopy-Assessment-2015-2020_FINAL.pdf,Same year as row 2 but 4 points higher - pure method and denominator difference
5,Tree Canopy Assessment 2015-2020,SavATree Consulting Group + University of Vermont Spatial Analysis Laboratory,2022-02-22,2020,2020 imagery + 2017 LiDAR,imagery + LiDAR height,automated feature extraction + manual review with LiDAR height,land area excludes water,34.6,,none stated in document,2022_savatree-uvm_tree-canopy-assessment-2015-2020.pdf,https://cdnsm5-hosted.civiclive.com/UserFiles/Servers/Server_16494932/File/Government/Departments/Planning%20and%20Development/Planning%20Division/Code%20Updates/Tree%20Code%20Updates/Edmonds-Tree-Canopy-Assessment-2015-2020_FINAL.pdf,Net +17.6 ac; 180 gained vs 162.4 lost; press repeatedly miscites as 2023
6,A Forecast Analysis of Possible Planting Scenarios,PlanIT Geo Inc.,2026-01-28,2024 (assumption from 2021 data),assumption based on 2021 canopy data,not stated in delivered memo,NOT STATED IN DELIVERED MEMO - vendor whitepaper describes a general AI/ML subscription product but is not an Edmonds methods statement,not stated,32.4,1855,none stated,2026-01-28_planning-board-packet_planitgeo-forecast.pdf,https://edmondswa.primegov.com/Public/CompiledDocument?meetingTemplateId=487&compileOutputType=1,SOURCE OF THE 32.4% IN DRAFT ECDC 17.130; packet-only Attachment 3 at ~p117; parent 2024 UTC assessment unpublished
7,2024 Urban Tree Canopy Assessment (PARENT - NOT FOUND),PlanIT Geo Inc.,unknown,2021-2024,unknown,unknown,unknown,unknown,,,unknown,MISSING,,Cited repeatedly as basis for 32.4% but absent from city site CDN PrimeGov and Wayback CDX sweep - candidate for public records request
8,Tree Canopy Contribution by Zone Type: Edmonds WA (2021),UNATTRIBUTED - provenance unknown,2026-02-17,2021,NOAA 2021 Urban Tree Canopy model,NOAA UTC model,zonal statistics per zoning district,land area,33.27,,none stated,2026-02_noaa-2021-utc_canopy-by-zone-type.pdf,LOCAL - not published on any city channel; found at C:\Users\Kameron\Documents,CONTRADICTS 32.4% on same 2021 vintage; 79% of canopy on Low-Density Residential + 10% Public Use + 2% Open Space = private-land ceiling evidence; VERIFY AUTHORSHIP before citing
9,A Forecast Analysis of Possible Planting Scenarios (VENDOR FACT SHEET ed.),PlanIT Geo Inc.,2024-07-25,2024 (assumption from 2021 data),assumption based on 2021 canopy data,not stated,NOT STATED - no method or accuracy in either published edition,land area 5725 ac of 6091 total (CONFIRMED),32.4,1855,none stated,planitgeo_edmonds_factsheet.pdf,https://8965999.fs1.hubspotusercontent-na1.net/hubfs/8965999/Fact%20Sheets%20and%20Project%20Summary%20%5BNOT%20GATED%5D/%5BFACT%20SHEET%5D%20geospatial%20-%20urban%20tree%20canopy%20assessment%20-%20edmonds%20-%20WA%20-%20united%20states.pdf,CONFIRMS 1855/5725=32.40 land basis; business-as-usual 170 trees/yr projects canopy DROP to 31% by 2044; assumes 29 ac/yr loss to development; city public plantable land only 26 ac and 95% used in ALL scenarios; SFR ~80% of canopy and ~90% of plantable area
