year,tag,is_champion,recipe_class,recall,precision,f_half,thresh,calendar_year,ref_epoch_gap_yr,effective_cm,bands,tier,crs_family,date_shot,month,leafoff_risk,mmu_epoch2_m2,generated_utc
2000,citywide_rgb,0,citywide,0.548,0.8534,0.7678,0.5133,2000,21,109 red / 70 green / 68 blue (band-dependent; published 110.8 is red-only),3,coarse,web_mercator,"2000-06-26 (the township block containing Edmonds: T27N R3E / T27N R4E, per King County's flight-date graphic)",6,0,,2026-09-01T17:19:41Z
2000,fullext_sectors_v1,0,sector_v1,0.5895,0.9196,0.827,0.5,2000,21,109 red / 70 green / 68 blue (band-dependent; published 110.8 is red-only),3,coarse,web_mercator,"2000-06-26 (the township block containing Edmonds: T27N R3E / T27N R4E, per King County's flight-date graphic)",6,0,,2026-09-01T17:19:41Z
2000,xsensor_rgb,0,other,0.6303,0.7745,0.7406,0.5133,2000,21,109 red / 70 green / 68 blue (band-dependent; published 110.8 is red-only),3,coarse,web_mercator,"2000-06-26 (the township block containing Edmonds: T27N R3E / T27N R4E, per King County's flight-date graphic)",6,0,,2026-09-01T17:19:41Z
2002,citywide_rgb,0,citywide,0.6136,0.8372,0.7803,0.4988,2002,19,57.1,3,medium,utm_m,"NOT FOUND for the Edmonds pixels. CONTESTED product-level date 2002-06-11 (two named Selkirk frames near Bellevue, ~24 km south)",,,,2026-09-01T17:19:41Z
2002,xsensor_rgb,0,other,0.5069,0.8377,0.741,0.57,2002,19,57.1,3,medium,utm_m,"NOT FOUND for the Edmonds pixels. CONTESTED product-level date 2002-06-11 (two named Selkirk frames near Bellevue, ~24 km south)",,,,2026-09-01T17:19:41Z
2003s,sectors_v1,1,sector_v1,0.3399,0.8153,0.6371,0.5,2003,18,41.62 (median of 5 sites; 1.37x its grid),3,medium,state_plane_ft,NOT FOUND (year from the county service name Aerial_2003 only),,,,2026-09-01T17:19:41Z
2005,citywide_rgb,1,citywide,0.6346,0.9166,0.8418,0.4659,2005,16,80.7,3,medium,web_mercator,July 2005,20,0,,2026-09-01T17:19:41Z
2006s,sectors_v1,1,sector_v1,0.6378,0.4415,0.4705,0.5,2006,15,145.46 (median of 5 sites; 1.45x its grid),3,coarse,state_plane_ft,NOT FOUND (year from the county service name Aerial_2006 only),,,,2026-09-01T17:19:41Z
2007,citywide_rgb,1,citywide,0.6605,0.8813,0.8261,0.5026,2007,14,25.5,3,medium,web_mercator,"2007-06-30 to 2007-08-13 (6 days over the city: Jun 30 n=252, Jul 7 481, Jul 8 15, Jul 10 36, Jul 11 173, Aug 13 121)",6,0,,2026-09-01T17:19:41Z
2007,fullext_sectors_v1,0,sector_v1,0.624,0.871,0.8071,0.5,2007,14,25.5,3,medium,web_mercator,"2007-06-30 to 2007-08-13 (6 days over the city: Jun 30 n=252, Jul 7 481, Jul 8 15, Jul 10 36, Jul 11 173, Aug 13 121)",6,0,,2026-09-01T17:19:41Z
2009,chm2_v1,0,other,0.679,0.8617,0.8177,0.5,2009,12,26.1,3,medium,web_mercator,"2009-05-01 to 2009-05-16 (3 days over the city: May 1 n=179, May 9 121, May 16 172)",5,0,,2026-09-01T17:19:41Z
2009,citywide_rgb,1,citywide,0.6048,0.9177,0.8316,0.511,2009,12,26.1,3,medium,web_mercator,"2009-05-01 to 2009-05-16 (3 days over the city: May 1 n=179, May 9 121, May 16 172)",5,0,,2026-09-01T17:19:41Z
2009,corrupt10,0,other,0.7648,0.8131,0.803,0.5,2009,12,26.1,3,medium,web_mercator,"2009-05-01 to 2009-05-16 (3 days over the city: May 1 n=179, May 9 121, May 16 172)",5,0,,2026-09-01T17:19:41Z
2009,corrupt25,0,other,0.5653,0.8891,0.7977,0.5,2009,12,26.1,3,medium,web_mercator,"2009-05-01 to 2009-05-16 (3 days over the city: May 1 n=179, May 9 121, May 16 172)",5,0,,2026-09-01T17:19:41Z
2009,corrupt50,0,other,0.6436,0.8543,0.8018,0.5,2009,12,26.1,3,medium,web_mercator,"2009-05-01 to 2009-05-16 (3 days over the city: May 1 n=179, May 9 121, May 16 172)",5,0,,2026-09-01T17:19:41Z
2009,fullext_sectors_v1,0,sector_v1,0.6989,0.8472,0.8127,0.5,2009,12,26.1,3,medium,web_mercator,"2009-05-01 to 2009-05-16 (3 days over the city: May 1 n=179, May 9 121, May 16 172)",5,0,,2026-09-01T17:19:41Z
2009,groves_lidar,0,other,0.3911,0.9332,0.7307,0.5,2009,12,26.1,3,medium,web_mercator,"2009-05-01 to 2009-05-16 (3 days over the city: May 1 n=179, May 9 121, May 16 172)",5,0,,2026-09-01T17:19:41Z
2009,groves_nolidar,0,other,0.7503,0.7749,0.7699,0.5,2009,12,26.1,3,medium,web_mercator,"2009-05-01 to 2009-05-16 (3 days over the city: May 1 n=179, May 9 121, May 16 172)",5,0,,2026-09-01T17:19:41Z
2009,hybrid_v1,0,other,0.6253,0.8792,0.8132,0.5,2009,12,26.1,3,medium,web_mercator,"2009-05-01 to 2009-05-16 (3 days over the city: May 1 n=179, May 9 121, May 16 172)",5,0,,2026-09-01T17:19:41Z
2009,nodec_v1,0,other,0.7372,0.8073,0.7922,0.5,2009,12,26.1,3,medium,web_mercator,"2009-05-01 to 2009-05-16 (3 days over the city: May 1 n=179, May 9 121, May 16 172)",5,0,,2026-09-01T17:19:41Z
2009,rgb3_ep60,0,other,0.6997,0.8117,0.7865,0.5,2009,12,26.1,3,medium,web_mercator,"2009-05-01 to 2009-05-16 (3 days over the city: May 1 n=179, May 9 121, May 16 172)",5,0,,2026-09-01T17:19:41Z
2009,rgb3_nodeb,0,other,0.6567,0.8306,0.7888,0.5,2009,12,26.1,3,medium,web_mercator,"2009-05-01 to 2009-05-16 (3 days over the city: May 1 n=179, May 9 121, May 16 172)",5,0,,2026-09-01T17:19:41Z
2009,seed1234,0,other,0.668,0.859,0.8125,0.5,2009,12,26.1,3,medium,web_mercator,"2009-05-01 to 2009-05-16 (3 days over the city: May 1 n=179, May 9 121, May 16 172)",5,0,,2026-09-01T17:19:41Z
2011s,sectors_v1,1,sector_v1,0.5727,0.4514,0.4714,0.5,2011,10,38.12 (median of 5 sites; 1.25x its grid),3,medium,state_plane_ft,NOT FOUND (year from the county service name Aerial_2011 only),,,,2026-09-01T17:19:41Z
2012s,sectors_v1,1,sector_v1,0.4725,0.6985,0.6375,0.5,2012,9,"29.81 (median of 5 sites; 1.3x its grid); common grid vs held: 29.59 vs 38.94 cm, HF ratio 1.571",3,medium,state_plane_ft,NOT FOUND (year from the county service name Aerial_2012 only),,,,2026-09-01T17:19:41Z
2013,citywide_rgb,0,citywide,0.7399,0.8681,0.839,0.5026,2013,8,12.6-13.7 (five z20 years measured together; IMAGERY_FACTS 2.2),3,fine,web_mercator,"2013-06-02 to 2013-06-06 (4 days over the city: Jun 2 n=111, Jun 4 137, Jun 5 218, Jun 6 222)",6,0,,2026-09-01T17:19:41Z
2013,fullext_sectors_v1,0,sector_v1,0.6311,0.8902,0.8227,0.5,2013,8,12.6-13.7 (five z20 years measured together; IMAGERY_FACTS 2.2),3,fine,web_mercator,"2013-06-02 to 2013-06-06 (4 days over the city: Jun 2 n=111, Jun 4 137, Jun 5 218, Jun 6 222)",6,0,,2026-09-01T17:19:41Z
2013,xsensor_rgb,0,other,0.7094,0.8551,0.8214,0.5209,2013,8,12.6-13.7 (five z20 years measured together; IMAGERY_FACTS 2.2),3,fine,web_mercator,"2013-06-02 to 2013-06-06 (4 days over the city: Jun 2 n=111, Jun 4 137, Jun 5 218, Jun 6 222)",6,0,,2026-09-01T17:19:41Z
2015,citywide_rgb,0,citywide,0.7401,0.8823,0.8497,0.5011,2015,6,12.6-13.7,3,fine,web_mercator,"2015-02-15 to 2015-03-08 (6 days over the city: Feb 15 n=5, Feb 18 5, Feb 21 26, Feb 28 111, Mar 7 348, Mar 8 206)",2,1,,2026-09-01T17:19:41Z
2015,xsensor_rgb,0,other,0.6222,0.8835,0.815,0.576,2015,6,12.6-13.7,3,fine,web_mercator,"2015-02-15 to 2015-03-08 (6 days over the city: Feb 15 n=5, Feb 18 5, Feb 21 26, Feb 28 111, Mar 7 348, Mar 8 206)",2,1,,2026-09-01T17:19:41Z
2016,,0,legacy,0.6636,0.8736,0.8216,0.509,2016,5,35.4,4,coarse,state_plane_ft,2016-08-12 morning (consortium sorties 09:05 / 09:30 PDT; a 09:50 sortie also lies within the city bbox) - CONDITIONAL on the county 1-ft product being the same flight as the dated 15 cm consortium product. The 2016-08-11 16:52 sortie is EXCLUDED for the held extent (shadows point WNW = morning sun),8,0,,2026-09-01T17:19:41Z
2016,corrected,0,other,0.8718,0.7296,0.7542,0.509,2016,5,35.4,4,coarse,state_plane_ft,2016-08-12 morning (consortium sorties 09:05 / 09:30 PDT; a 09:50 sortie also lies within the city bbox) - CONDITIONAL on the county 1-ft product being the same flight as the dated 15 cm consortium product. The 2016-08-11 16:52 sortie is EXCLUDED for the held extent (shadows point WNW = morning sun),8,0,,2026-09-01T17:19:41Z
2016,fullext_sectors_v1,0,sector_v1,0.6163,0.9119,0.8321,0.5223,2016,5,35.4,4,coarse,state_plane_ft,2016-08-12 morning (consortium sorties 09:05 / 09:30 PDT; a 09:50 sortie also lies within the city bbox) - CONDITIONAL on the county 1-ft product being the same flight as the dated 15 cm consortium product. The 2016-08-11 16:52 sortie is EXCLUDED for the held extent (shadows point WNW = morning sun),8,0,,2026-09-01T17:19:41Z
2016,nir_m06,0,citywide,0.6407,0.8921,0.8272,0.5939,2016,5,35.4,4,coarse,state_plane_ft,2016-08-12 morning (consortium sorties 09:05 / 09:30 PDT; a 09:50 sortie also lies within the city bbox) - CONDITIONAL on the county 1-ft product being the same flight as the dated 15 cm consortium product. The 2016-08-11 16:52 sortie is EXCLUDED for the held extent (shadows point WNW = morning sun),8,0,,2026-09-01T17:19:41Z
2017,citywide_rgb,0,citywide,0.7058,0.9007,0.8536,0.4986,2017,4,13.2,3,fine,web_mercator,"2017-05-04 to 2017-05-10 (5 days over the city: May 4 n=16, May 6 90, May 8 48, May 9 192, May 10 364)",5,0,,2026-09-01T17:19:41Z
2017,xsensor_train,0,other,0.7784,0.8083,0.8021,0.4759,2017,4,13.2,3,fine,web_mercator,"2017-05-04 to 2017-05-10 (5 days over the city: May 4 n=16, May 6 90, May 8 48, May 9 192, May 10 364)",5,0,,2026-09-01T17:19:41Z
2018s,fullext_sectors_v1,0,sector_v1,0.6459,0.7849,0.7525,0.5,2018,3,20.9 (median of 5 sites; 1.37x its grid),4,medium,state_plane_ft,2018-08-07 (WA consortium 6-in flight area over Edmonds),8,0,,2026-09-01T17:19:41Z
2018s,sectors_v1,1,sector_v1,0.4611,0.8024,0.6989,0.5,2018,3,20.9 (median of 5 sites; 1.37x its grid),4,medium,state_plane_ft,2018-08-07 (WA consortium 6-in flight area over Edmonds),8,0,,2026-09-01T17:19:41Z
2019,citywide_rgb,1,citywide,0.6346,0.8242,0.7777,0.332,2019,2,12.6-13.7,3,fine,web_mercator,"2019-04-25 to 2019-05-08 (7 days over the city: Apr 25 n=92, Apr 30 387, May 1 20, May 4 160, May 6 185, May 7 332, May 8 58)",4,1,,2026-09-01T17:19:41Z
2019,pilot_e2_fine,0,pilot_e2,0.6492,0.8365,0.7909,0.332,2019,2,12.6-13.7,3,fine,web_mercator,"2019-04-25 to 2019-05-08 (7 days over the city: Apr 25 n=92, Apr 30 387, May 1 20, May 4 160, May 6 185, May 7 332, May 8 58)",4,1,,2026-09-01T17:19:41Z
2019n,nir_m06,0,citywide,0.4709,0.8189,0.7135,0.5008,2019,2,95.1,4,coarse,utm_m,2019-10-11,10,0,,2026-09-01T17:19:41Z
2019n,p2nir,1,citywide,0.6499,0.854,0.8035,0.495,2019,2,95.1,4,coarse,utm_m,2019-10-11,10,0,,2026-09-01T17:19:41Z
2019n,pilot_e2_coarse,0,pilot_e2,0.6915,0.7858,0.7649,0.4951,2019,2,95.1,4,coarse,utm_m,2019-10-11,10,0,,2026-09-01T17:19:41Z
2019s,pilot_e2_medium,0,pilot_e2,0.6331,0.7735,0.7406,0.4816,2019,2,42.58 (median of 5 sites; 1.4x its grid),4,medium,state_plane_ft,2019-10-11 (WA consortium 1-ft flight area over Edmonds; same Hexagon flight as NAIP 2019),10,0,,2026-09-01T17:19:41Z
2020s,sectors_v1,1,sector_v1,0.5483,0.8172,0.7442,0.5,2020,1,9.77 (median of 5 sites; 1.28x its grid),3,fine,state_plane_ft,inherited from the 2020_coe_rgb.tif row,,,,2026-09-01T17:19:41Z
2021,citywide_rgb,1,citywide,0.6059,0.8778,0.8055,0.4013,2021,0,12.6-13.7,3,fine,web_mercator,"2021-04-14 to 2021-04-17 (4 days over the city: Apr 14 n=135, Apr 15 248, Apr 16 259, Apr 17 20)",4,1,,2026-09-01T17:19:41Z
2021s,fullext_sectors_v1,0,sector_v1,0.6568,0.8276,0.7867,0.4998,2021,0,"20.06 (median of 5 sites; 1.32x its grid); common grid vs held: 20.05 vs 21.09 cm, HF ratio 1.432",4,coarse,state_plane_ft,2021-06-25 to 2021-11-11,6,0,,2026-09-01T17:19:41Z
2021s,noise_ens5,0,other,0.6439,0.8332,0.7869,0.477,2021,0,"20.06 (median of 5 sites; 1.32x its grid); common grid vs held: 20.05 vs 21.09 cm, HF ratio 1.432",4,coarse,state_plane_ft,2021-06-25 to 2021-11-11,6,0,,2026-09-01T17:19:41Z
2021s,noise_r1,0,other,0.6402,0.8325,0.7853,0.44,2021,0,"20.06 (median of 5 sites; 1.32x its grid); common grid vs held: 20.05 vs 21.09 cm, HF ratio 1.432",4,coarse,state_plane_ft,2021-06-25 to 2021-11-11,6,0,,2026-09-01T17:19:41Z
2021s,noise_r2,0,other,0.6545,0.8265,0.7852,0.4993,2021,0,"20.06 (median of 5 sites; 1.32x its grid); common grid vs held: 20.05 vs 21.09 cm, HF ratio 1.432",4,coarse,state_plane_ft,2021-06-25 to 2021-11-11,6,0,,2026-09-01T17:19:41Z
2021s,noise_r3,0,other,0.6685,0.8181,0.7831,0.499,2021,0,"20.06 (median of 5 sites; 1.32x its grid); common grid vs held: 20.05 vs 21.09 cm, HF ratio 1.432",4,coarse,state_plane_ft,2021-06-25 to 2021-11-11,6,0,,2026-09-01T17:19:41Z
2021s,noise_r4,0,other,0.6563,0.8281,0.7869,0.49,2021,0,"20.06 (median of 5 sites; 1.32x its grid); common grid vs held: 20.05 vs 21.09 cm, HF ratio 1.432",4,coarse,state_plane_ft,2021-06-25 to 2021-11-11,6,0,,2026-09-01T17:19:41Z
2021s,noise_r5,0,other,0.655,0.826,0.785,0.457,2021,0,"20.06 (median of 5 sites; 1.32x its grid); common grid vs held: 20.05 vs 21.09 cm, HF ratio 1.432",4,coarse,state_plane_ft,2021-06-25 to 2021-11-11,6,0,,2026-09-01T17:19:41Z
2021s,p2nir,1,citywide,0.6851,0.8547,0.8144,0.499,2021,0,"20.06 (median of 5 sites; 1.32x its grid); common grid vs held: 20.05 vs 21.09 cm, HF ratio 1.432",4,coarse,state_plane_ft,2021-06-25 to 2021-11-11,6,0,,2026-09-01T17:19:41Z
2022,citywide_rgb,1,citywide,0.6818,0.8012,0.7741,0.4988,2022,1,6.5,3,fine,web_mercator,2022-04-06 to 2022-07-11 (urban 3 in); the rural 9-in sub-project ran 2022-05-31 to 08-11 and does not apply to Edmonds,4,1,,2026-09-01T17:19:41Z
2023,citywide_rgb,1,citywide,0.651,0.8506,0.8015,0.5103,2023,2,12.6-13.7,3,fine,web_mercator,"2023-04-19 to 2023-05-07 (7 days over the city: Apr 19 n=57, Apr 20 84, Apr 25 64, Apr 26 381, Apr 27 169, May 3 336, May 7 34)",4,1,,2026-09-01T17:19:41Z
2023n,,1,legacy,0.6564,0.863,0.8119,0.404,2023,2,83.1,4,coarse,utm_m,2023-10-07,10,0,,2026-09-01T17:19:41Z
2024,citywide_rgb,1,citywide,0.617,0.8239,0.7721,0.5043,2024,3,6.8,3,fine,web_mercator,2024-03-31 to 2024-05-31 (urban 3 in); the rural 9-in sub-project ran 2024-03-16 to 06-09,3,1,,2026-09-01T17:19:41Z
2024,fullext_sectors_v1,0,sector_v1,0.64,0.786,0.7517,0.5,2024,3,6.8,3,fine,web_mercator,2024-03-31 to 2024-05-31 (urban 3 in); the rural 9-in sub-project ran 2024-03-16 to 06-09,3,1,,2026-09-01T17:19:41Z
